{
    "loss": 1.5504475831985474,
    "accuracy": 0.8228831887245178
}