{
    "loss": 1.645742654800415,
    "accuracy": 0.7853697538375854
}