{
    "loss": 1.4598654508590698,
    "accuracy": 0.8226152062416077
}