{
    "loss": 1.623307466506958,
    "accuracy": 0.7869774699211121
}