{
    "loss": 1.6460427045822144,
    "accuracy": 0.8135048151016235
}